Round,"Grand Prix Country",GrandPrix,"Pole Position Country","Pole Position Surname","Pole Position Name","Fastest Lap Country","Fastest Lap Surname","Fastest Lap Name","Winning driver Country","Winning driver Surname","Winning driver Name","Winning constructor  Coutry","Winning Constructor","Circuit Name","Circuit City",Tournament,Date
1,Australia,"Australian Grand Prix","Great Britain",Hamilton,Lewis,Finland,Räikkönen,Kimi,Germany,Vettel,Sebastian,Italy,Ferrari,"Melbourne Grand Prix Circuit",Melbourne,"Grand Prix 2017",2017-03-26
2,Chinese,"Chinese Grand Prix","Great Britain",Hamilton,Lewis,"Greate Britain",Hamilton,Lewis,"Great Britain",Hamilton,Lewis,Germany,Mercedes,"Shanghai International Circuit",Shanghai,"Grand Prix 2017",2017-04-09
3,Bahrain,"Bahrain Grand Prix",Finland,Bottas,Valtteri,"Greate Britain",Hamilton,Lewis,Germany,Vettel,Sebastian,Italy,Ferrari,"Bahrain International Circuit",Sakhir,"Grand Prix 2017",2017-04-16
4,Russia,"Russian Grand Prix",Germany,Vettel,Sebastian,Finland,Räikkönen,Kimi,Finland,Bottas,Valtteri,Germany,Mercedes,"Sochi Autodrom",Sochi,"Grand Prix 2017",2017-04-30
5,Spain,"Spanish Grand Prix","Great Britain",Hamilton,Lewis,"Greate Britain",Hamilton,Lewis,"Great Britain",Hamilton,Lewis,Germany,Mercedes,"Circuit de Barcelona-Catalunya",Barcelona,"Grand Prix 2017",2017-05-14
6,Monaco,"Monaco Grand Prix",Finland,Räikkönen,Kimi,Mexico,Pérez,Sergio,Germany,Vettel,Sebastian,Italy,Ferrari,"Circuit de Monaco","Monte Carlo","Grand Prix 2017",2017-05-28
7,Canada,"Canadian Grand Prix","Great Britain",Hamilton,Lewis,"Greate Britain",Hamilton,Lewis,"Great Britain",Hamilton,Lewis,Germany,Mercedes,"Circuit Gilles Villeneuve",Montreal,"Grand Prix 2017",2017-06-11
8,Azerbaijan,"Azerbaijan Grand Prix","Great Britain",Hamilton,Lewis,Germany,Vettel,Sebastian,Australia,Ricciardo,Daniel,Austria,"Red Bull Racing-TAG Heuer","Baku City Circuit",Baku,"Grand Prix 2017",2017-06-25
9,Austria,"Austrian Grand Prix",Finland,Bottas,Valtteri,"Greate Britain",Hamilton,Lewis,Finland,Bottas,Valtteri,Germany,Mercedes,"Red Bull Ring",Spielberg,"Grand Prix 2017",2017-07-09
10,"Great Britain","British Grand Prix","Great Britain",Hamilton,Lewis,"Greate Britain",Hamilton,Lewis,"Great Britain",Hamilton,Lewis,Germany,Mercedes,"Silverstone Circuit",Silverstone,"Grand Prix 2017",2017-07-16
11,Hungary,"Hungarian Grand Prix",Germany,Vettel,Sebastian,Spain,Alonso,Fernando,Germany,Vettel,Sebastian,Italy,Ferrari,"Melbourne Grand Prix Circuit",Melbourne,"Grand Prix 2017",2017-07-30
12,Belgium,"Belgian Grand Prix","Great Britain",Hamilton,Lewis,Germany,Vettel,Sebastian,"Great Britain",Hamilton,Lewis,Germany,Mercedes,"Circuit de Spa-Francorchamps",Stavelot,"Grand Prix 2017",2017-08-27
13,Italy,"Italian Grand Prix","Great Britain",Hamilton,Lewis,Australia,Ricciardo,Daniel,"Great Britain",Hamilton,Lewis,Germany,Mercedes,"Autodromo Nazionale Monza",Monza,"Grand Prix 2017",2017-09-03
14,Singapore,"Singapore Grand Prix",Germany,Vettel,Sebastian,"Great Britain",Hamilton,Lewis,"Great Britain",Hamilton,Lewis,Germany,Mercedes,"Marina Bay Street Circuit",Singapore,"Grand Prix 2017",2017-09-17
15,Malaysia,"Malaysian Grand Prix","Great Britain",Hamilton,Lewis,Germany,Vettel,Sebastian,Netherland,Verstappen,Max,Austria,"Red Bull Racing-TAG Heuer","Sepang International Circuit","Kuala Lumpur","Grand Prix 2017",2017-10-01
16,Japan,"Japanese Grand Prix","Great Britain",Hamilton,Lewis,Finland,Bottas,Valtteri,"Great Britain",Hamilton,Lewis,Germany,Mercedes,"Suzuka International Racing Course",Suzuka,"Grand Prix 2017",2017-10-08
17,USA,"United States Grand Prix","Great Britain",Hamilton,Lewis,Germany,Vettel,Sebastian,"Great Britain",Hamilton,Lewis,Germany,Mercedes,"Circuit of the Americas","Austin, Texas","Grand Prix 2017",2017-10-22
18,Maxico,"Mexican Grand Prix",Germany,Vettel,Sebastian,Germany,Vettel,Sebastian,Netherland,Verstappen,Max,Austria,"Red Bull Racing-TAG Heuer","Autódromo Hermanos Rodríguez","Mexico City","Grand Prix 2017",2017-10-29
19,Brazil,"Brazilian Grand Prix",Finland,Bottas,Valtteri,Netherlands,Verstappen,Max,Germany,Vettel,Sebastian,Italy,Ferrari,"Circuit of the Americas","Austin,Texas","Grand Prix 2017",2017-11-12
20,"Abu Dhabi","Abu Dhabi Grand Prix",Finland,Bottas,Valtteri,Finland,Bottas,Valtteri,Finland,Bottas,Valtteri,Germany,Mercedes,"Yas Marina Circuit","Abu Dhabi","Grand Prix 2017",2017-11-26
